<?xml version="1.0" encoding="UTF-8"?>
<!--
 This is a WordPress eXtended RSS file generated by WordPress as an export of your site.
 It contains information about your site's posts, pages, comments, categories, and other content.
 You may use this file to transfer that content from one site to another.
 This file is not intended to serve as a complete backup of your site.

 To import this information into a WordPress site follow these steps:
 1. Log in to that site as an administrator.
 2. Go to Tools: Import in the WordPress admin panel.
 3. Install the "WordPress" importer from the list.
 4. Activate & Run Importer.
 5. Upload this file using the form provided on that page.
 6. You will first be asked to map the authors in this export file to users
    on the site. For each author, you may choose to map to an
    existing user on the site or to create a new user.
 7. WordPress will then import each of the posts, pages, comments, categories, etc.
    contained in this file into your site.
-->
<!-- generator="WordPress.com" created="2022-10-23 16:27"-->
<rss version="2.0" xmlns:excerpt="http://wordpress.org/export/1.2/excerpt/" xmlns:content="http://purl.org/rss/1.0/modules/content/" xmlns:wfw="http://wellformedweb.org/CommentAPI/" xmlns:dc="http://purl.org/dc/elements/1.1/" xmlns:wp="http://wordpress.org/export/1.2/">
  <channel>
<title>Envespreneur</title>
<link>http://envespreneur5.home.blog</link>
<description/>
<pubDate>Sun, 23 Oct 2022 16:27:47 +0000</pubDate>
<language>en</language>
<wp:wxr_version>1.2</wp:wxr_version>
<wp:base_site_url>http://wordpress.com/</wp:base_site_url>
<wp:base_blog_url>http://envespreneur5.home.blog</wp:base_blog_url>
<wp:author>
  <wp:author_id>224243224</wp:author_id>
  <wp:author_login>satyam84670</wp:author_login>
  <wp:author_email>satyam84670@gmail.com</wp:author_email>
  <wp:author_display_name><![CDATA[satyam pandey]]></wp:author_display_name>
  <wp:author_first_name><![CDATA[Aroh]]></wp:author_first_name>
  <wp:author_last_name><![CDATA[roh]]></wp:author_last_name>
</wp:author>
<wp:category>
  <wp:term_id>1</wp:term_id>
  <wp:category_nicename>uncategorized</wp:category_nicename>
  <wp:category_parent/>
  <wp:cat_name><![CDATA[Uncategorized]]></wp:cat_name>
</wp:category>
<wp:term>
  <wp:term_id>1357</wp:term_id>
  <wp:term_taxonomy>nav_menu</wp:term_taxonomy>
  <wp:term_slug>primary</wp:term_slug>
  <wp:term_name><![CDATA[Primary]]></wp:term_name>
</wp:term>
<generator>http://wordpress.com/</generator>
<image>
		<url>http://s0.wp.com/i/buttonw-com.png</url>
		<title>Envespreneur</title>
		<link>http://envespreneur5.home.blog</link>
	</image>
	<item>
  <title><![CDATA[Contact]]></title>
  <link>http://envespreneur5.home.blog/contact/</link>
  <pubDate>Sun, 23 Oct 2022 16:20:48 +0000</pubDate>
  <dc:creator>satyam84670</dc:creator>
  <guid isPermaLink="false">https://envespreneur5home.wordpress.com/contact/</guid>
  <description/>
  <content:encoded><![CDATA[<!-- wp:image {"id":53,"sizeSlug":"large","linkDestination":"none"} -->
<figure class="wp-block-image size-large"><img src="https://stewartthemedemo.files.wordpress.com/2022/01/stewart-contact.jpg?w=1024" alt="" class="wp-image-53" /></figure>
<!-- /wp:image -->

<!-- wp:columns -->
<div class="wp-block-columns"><!-- wp:column -->
<div class="wp-block-column"><!-- wp:columns {"isStackedOnMobile":false} -->
<div class="wp-block-columns is-not-stacked-on-mobile"><!-- wp:column {"width":"100px"} -->
<div class="wp-block-column" style="flex-basis:100px;"><!-- wp:paragraph -->
<p>Twitter</p>
<!-- /wp:paragraph -->

<!-- wp:paragraph -->
<p>Email</p>
<!-- /wp:paragraph -->

<!-- wp:paragraph -->
<p>Instagram</p>
<!-- /wp:paragraph --></div>
<!-- /wp:column -->

<!-- wp:column -->
<div class="wp-block-column"><!-- wp:paragraph -->
<p><a href="#">@twitter</a></p>
<!-- /wp:paragraph -->

<!-- wp:paragraph -->
<p><a href="#">email@example.com</a></p>
<!-- /wp:paragraph -->

<!-- wp:paragraph -->
<p><a href="#">@instagram</a></p>
<!-- /wp:paragraph --></div>
<!-- /wp:column --></div>
<!-- /wp:columns --></div>
<!-- /wp:column -->

<!-- wp:column -->
<div class="wp-block-column"><!-- wp:paragraph -->
<p>The artist: handsome, and clever, with a comfortable home and happy disposition, seemed to unite some of the best blessings of existence; and had lived nearly twenty-one years in the world with very little to distress or vex her.</p>
<!-- /wp:paragraph --></div>
<!-- /wp:column --></div>
<!-- /wp:columns -->]]></content:encoded>
  <excerpt:encoded><![CDATA[]]></excerpt:encoded>
  <wp:post_id>4</wp:post_id>
  <wp:post_date>2022-10-23 16:20:48</wp:post_date>
  <wp:post_date_gmt>2022-10-23 16:20:48</wp:post_date_gmt>
  <wp:post_modified>2022-10-23 16:20:48</wp:post_modified>
  <wp:post_modified_gmt>2022-10-23 16:20:48</wp:post_modified_gmt>
  <wp:comment_status>closed</wp:comment_status>
  <wp:ping_status>closed</wp:ping_status>
  <wp:post_name>contact</wp:post_name>
  <wp:status>publish</wp:status>
  <wp:post_parent>0</wp:post_parent>
  <wp:menu_order>0</wp:menu_order>
  <wp:post_type>page</wp:post_type>
  <wp:post_password/>
  <wp:is_sticky>0</wp:is_sticky>
  <wp:postmeta>
    <wp:meta_key>_headstart_post</wp:meta_key>
    <wp:meta_value><![CDATA[_hs_extra]]></wp:meta_value>
  </wp:postmeta>
  <wp:postmeta>
    <wp:meta_key>sharing_disabled</wp:meta_key>
    <wp:meta_value><![CDATA[a:1:{i:0;N;}]]></wp:meta_value>
  </wp:postmeta>
  <wp:postmeta>
    <wp:meta_key>switch_like_status</wp:meta_key>
    <wp:meta_value><![CDATA[a:1:{i:0;N;}]]></wp:meta_value>
  </wp:postmeta>
  <wp:postmeta>
    <wp:meta_key>_starter_page_template</wp:meta_key>
    <wp:meta_value><![CDATA[]]></wp:meta_value>
  </wp:postmeta>
  <wp:postmeta>
    <wp:meta_key>_hs_old_id</wp:meta_key>
    <wp:meta_value><![CDATA[8]]></wp:meta_value>
  </wp:postmeta>
  <wp:postmeta>
    <wp:meta_key>_wpas_skip_all_services</wp:meta_key>
    <wp:meta_value><![CDATA[1]]></wp:meta_value>
  </wp:postmeta>
  <wp:postmeta>
    <wp:meta_key>_publicize_pending</wp:meta_key>
    <wp:meta_value><![CDATA[1]]></wp:meta_value>
  </wp:postmeta>
  <wp:postmeta>
    <wp:meta_key>_checklist_post_type</wp:meta_key>
    <wp:meta_value><![CDATA[_hs_extra]]></wp:meta_value>
  </wp:postmeta>
</item>
<item>
  <title><![CDATA[Envespreneur]]></title>
  <link>http://envespreneur5.home.blog/2022/10/23/comfortable-home/</link>
  <pubDate>Sun, 23 Oct 2022 16:20:50 +0000</pubDate>
  <dc:creator>satyam84670</dc:creator>
  <guid isPermaLink="false">https://envespreneur5home.wordpress.com/2022/10/23/comfortable-home/</guid>
  <description/>
  <content:encoded><![CDATA[<!-- wp:paragraph -->
<p>Emma Woodhouse, handsome, clever, and rich, with a comfortable home and happy disposition, seemed to unite some of the best blessings of existence; and had lived nearly twenty-one years in the world with very little to distress or vex her.</p>
<!-- /wp:paragraph -->]]></content:encoded>
  <excerpt:encoded><![CDATA[]]></excerpt:encoded>
  <wp:post_id>2</wp:post_id>
  <wp:post_date>2022-10-23 21:50:50</wp:post_date>
  <wp:post_date_gmt>2022-10-23 16:20:50</wp:post_date_gmt>
  <wp:post_modified>2022-10-23 21:56:38</wp:post_modified>
  <wp:post_modified_gmt>2022-10-23 16:26:38</wp:post_modified_gmt>
  <wp:comment_status>closed</wp:comment_status>
  <wp:ping_status>closed</wp:ping_status>
  <wp:post_name>comfortable-home</wp:post_name>
  <wp:status>publish</wp:status>
  <wp:post_parent>0</wp:post_parent>
  <wp:menu_order>0</wp:menu_order>
  <wp:post_type>post</wp:post_type>
  <wp:post_password/>
  <wp:is_sticky>0</wp:is_sticky>
  <category domain="category" nicename="uncategorized"><![CDATA[Uncategorized]]></category>
  <wp:postmeta>
    <wp:meta_key>sharing_disabled</wp:meta_key>
    <wp:meta_value><![CDATA[a:1:{i:0;N;}]]></wp:meta_value>
  </wp:postmeta>
  <wp:postmeta>
    <wp:meta_key>switch_like_status</wp:meta_key>
    <wp:meta_value><![CDATA[a:1:{i:0;N;}]]></wp:meta_value>
  </wp:postmeta>
  <wp:postmeta>
    <wp:meta_key>_starter_page_template</wp:meta_key>
    <wp:meta_value><![CDATA[]]></wp:meta_value>
  </wp:postmeta>
  <wp:postmeta>
    <wp:meta_key>_hs_old_id</wp:meta_key>
    <wp:meta_value><![CDATA[6]]></wp:meta_value>
  </wp:postmeta>
  <wp:postmeta>
    <wp:meta_key>_thumbnail_id</wp:meta_key>
    <wp:meta_value><![CDATA[6]]></wp:meta_value>
  </wp:postmeta>
  <wp:postmeta>
    <wp:meta_key>_publicize_job_id</wp:meta_key>
    <wp:meta_value><![CDATA[1]]></wp:meta_value>
  </wp:postmeta>
</item>
<item>
  <title><![CDATA[Buliding Blog]]></title>
  <link>http://envespreneur5.home.blog/2022/10/23/three-generations/</link>
  <pubDate>Sun, 23 Oct 2022 16:20:49 +0000</pubDate>
  <dc:creator>satyam84670</dc:creator>
  <guid isPermaLink="false">https://envespreneur5home.wordpress.com/2022/10/23/three-generations/</guid>
  <description/>
  <content:encoded><![CDATA[<!-- wp:paragraph -->
<p>Mr. Weston was a native of Highbury, and born of a respectable family, which for the last two or three generations had been rising into gentility and property.</p>
<!-- /wp:paragraph -->]]></content:encoded>
  <excerpt:encoded><![CDATA[]]></excerpt:encoded>
  <wp:post_id>3</wp:post_id>
  <wp:post_date>2022-10-23 21:50:49</wp:post_date>
  <wp:post_date_gmt>2022-10-23 16:20:49</wp:post_date_gmt>
  <wp:post_modified>2022-10-23 21:57:00</wp:post_modified>
  <wp:post_modified_gmt>2022-10-23 16:27:00</wp:post_modified_gmt>
  <wp:comment_status>closed</wp:comment_status>
  <wp:ping_status>closed</wp:ping_status>
  <wp:post_name>three-generations</wp:post_name>
  <wp:status>publish</wp:status>
  <wp:post_parent>0</wp:post_parent>
  <wp:menu_order>0</wp:menu_order>
  <wp:post_type>post</wp:post_type>
  <wp:post_password/>
  <wp:is_sticky>0</wp:is_sticky>
  <category domain="category" nicename="uncategorized"><![CDATA[Uncategorized]]></category>
  <wp:postmeta>
    <wp:meta_key>sharing_disabled</wp:meta_key>
    <wp:meta_value><![CDATA[a:1:{i:0;N;}]]></wp:meta_value>
  </wp:postmeta>
  <wp:postmeta>
    <wp:meta_key>switch_like_status</wp:meta_key>
    <wp:meta_value><![CDATA[a:1:{i:0;N;}]]></wp:meta_value>
  </wp:postmeta>
  <wp:postmeta>
    <wp:meta_key>_starter_page_template</wp:meta_key>
    <wp:meta_value><![CDATA[]]></wp:meta_value>
  </wp:postmeta>
  <wp:postmeta>
    <wp:meta_key>_hs_old_id</wp:meta_key>
    <wp:meta_value><![CDATA[7]]></wp:meta_value>
  </wp:postmeta>
  <wp:postmeta>
    <wp:meta_key>_thumbnail_id</wp:meta_key>
    <wp:meta_value><![CDATA[8]]></wp:meta_value>
  </wp:postmeta>
  <wp:postmeta>
    <wp:meta_key>_publicize_job_id</wp:meta_key>
    <wp:meta_value><![CDATA[1]]></wp:meta_value>
  </wp:postmeta>
</item>
<item>
  <title><![CDATA[About]]></title>
  <link>http://envespreneur5.home.blog/about/</link>
  <pubDate>Sun, 23 Oct 2022 16:20:47 +0000</pubDate>
  <dc:creator>satyam84670</dc:creator>
  <guid isPermaLink="false">https://envespreneur5home.wordpress.com/about/</guid>
  <description/>
  <content:encoded><![CDATA[<!-- wp:paragraph {"style":{"typography":{"lineHeight":"1","fontSize":"72px"}}} -->
<p style="font-size:72px;line-height:1;">Jenn<br>Stewart</p>
<!-- /wp:paragraph -->

<!-- wp:group {"style":{"spacing":{"padding":{"bottom":"1em"}}}} -->
<div class="wp-block-group" style="padding-bottom:1em;"><!-- wp:paragraph -->
<p>The artist: handsome, clever, and rich, with a comfortable home and happy disposition, seemed to unite some of the best blessings of existence; and had lived nearly twenty-one years in the world with very little to distress or vex her.</p>
<!-- /wp:paragraph --></div>
<!-- /wp:group -->

<!-- wp:image {"id":48,"sizeSlug":"large","linkDestination":"none"} -->
<figure class="wp-block-image size-large"><img src="https://stewartthemedemo.files.wordpress.com/2022/01/stewart-about.jpg?w=1024" alt="" class="wp-image-48" /></figure>
<!-- /wp:image -->

<!-- wp:columns -->
<div class="wp-block-columns"><!-- wp:column {"width":"33%"} -->
<div class="wp-block-column" style="flex-basis:33%;"><!-- wp:heading {"level":3,"fontSize":"extra-large"} -->
<h3 class="has-extra-large-font-size" id="experience">Experience</h3>
<!-- /wp:heading --></div>
<!-- /wp:column -->

<!-- wp:column -->
<div class="wp-block-column"><!-- wp:list -->
<ul><li>The mildness of her temper had hardly allowed her to impose any restraint.</li></ul>
<!-- /wp:list --></div>
<!-- /wp:column --></div>
<!-- /wp:columns -->

<!-- wp:columns -->
<div class="wp-block-columns"><!-- wp:column {"width":"33%"} -->
<div class="wp-block-column" style="flex-basis:33%;"><!-- wp:heading {"level":3,"fontSize":"extra-large"} -->
<h3 class="has-extra-large-font-size" id="experience">Awards</h3>
<!-- /wp:heading --></div>
<!-- /wp:column -->

<!-- wp:column -->
<div class="wp-block-column"><!-- wp:list -->
<ul><li>Seems to unite some of the best blessings of existence.</li><li>Nearly twenty-one years in the world with very little to distress or vex her.</li></ul>
<!-- /wp:list --></div>
<!-- /wp:column --></div>
<!-- /wp:columns -->]]></content:encoded>
  <excerpt:encoded><![CDATA[]]></excerpt:encoded>
  <wp:post_id>5</wp:post_id>
  <wp:post_date>2022-10-23 16:20:47</wp:post_date>
  <wp:post_date_gmt>2022-10-23 16:20:47</wp:post_date_gmt>
  <wp:post_modified>2022-10-23 16:20:47</wp:post_modified>
  <wp:post_modified_gmt>2022-10-23 16:20:47</wp:post_modified_gmt>
  <wp:comment_status>closed</wp:comment_status>
  <wp:ping_status>closed</wp:ping_status>
  <wp:post_name>about</wp:post_name>
  <wp:status>publish</wp:status>
  <wp:post_parent>0</wp:post_parent>
  <wp:menu_order>0</wp:menu_order>
  <wp:post_type>page</wp:post_type>
  <wp:post_password/>
  <wp:is_sticky>0</wp:is_sticky>
  <wp:postmeta>
    <wp:meta_key>_headstart_post</wp:meta_key>
    <wp:meta_value><![CDATA[_hs_extra]]></wp:meta_value>
  </wp:postmeta>
  <wp:postmeta>
    <wp:meta_key>sharing_disabled</wp:meta_key>
    <wp:meta_value><![CDATA[a:1:{i:0;N;}]]></wp:meta_value>
  </wp:postmeta>
  <wp:postmeta>
    <wp:meta_key>switch_like_status</wp:meta_key>
    <wp:meta_value><![CDATA[a:1:{i:0;N;}]]></wp:meta_value>
  </wp:postmeta>
  <wp:postmeta>
    <wp:meta_key>_starter_page_template</wp:meta_key>
    <wp:meta_value><![CDATA[]]></wp:meta_value>
  </wp:postmeta>
  <wp:postmeta>
    <wp:meta_key>_hs_old_id</wp:meta_key>
    <wp:meta_value><![CDATA[9]]></wp:meta_value>
  </wp:postmeta>
  <wp:postmeta>
    <wp:meta_key>_wpas_skip_all_services</wp:meta_key>
    <wp:meta_value><![CDATA[1]]></wp:meta_value>
  </wp:postmeta>
  <wp:postmeta>
    <wp:meta_key>_wp_page_template</wp:meta_key>
    <wp:meta_value><![CDATA[sidebar-footer-only]]></wp:meta_value>
  </wp:postmeta>
  <wp:postmeta>
    <wp:meta_key>_publicize_pending</wp:meta_key>
    <wp:meta_value><![CDATA[1]]></wp:meta_value>
  </wp:postmeta>
  <wp:postmeta>
    <wp:meta_key>_checklist_post_type</wp:meta_key>
    <wp:meta_value><![CDATA[_hs_extra]]></wp:meta_value>
  </wp:postmeta>
</item>
<item>
  <title><![CDATA[Placeholder Image]]></title>
  <link>http://envespreneur5.home.blog/2022/10/23/comfortable-home/placeholder-image/</link>
  <pubDate>Sun, 23 Oct 2022 16:25:51 +0000</pubDate>
  <dc:creator>satyam84670</dc:creator>
  <guid isPermaLink="false">http://envespreneur5home.files.wordpress.com/2022/10/3.png</guid>
  <description/>
  <content:encoded><![CDATA[]]></content:encoded>
  <excerpt:encoded><![CDATA[]]></excerpt:encoded>
  <wp:post_id>6</wp:post_id>
  <wp:post_date>2022-10-23 21:55:51</wp:post_date>
  <wp:post_date_gmt>2022-10-23 16:25:51</wp:post_date_gmt>
  <wp:post_modified>2022-10-23 21:55:51</wp:post_modified>
  <wp:post_modified_gmt>2022-10-23 16:25:51</wp:post_modified_gmt>
  <wp:comment_status>open</wp:comment_status>
  <wp:ping_status>closed</wp:ping_status>
  <wp:post_name>placeholder-image</wp:post_name>
  <wp:status>inherit</wp:status>
  <wp:post_parent>2</wp:post_parent>
  <wp:menu_order>0</wp:menu_order>
  <wp:post_type>attachment</wp:post_type>
  <wp:post_password/>
  <wp:is_sticky>0</wp:is_sticky>
  <wp:attachment_url>https://envespreneur5home.files.wordpress.com/2022/10/3.png</wp:attachment_url>
  <wp:postmeta>
    <wp:meta_key>_wp_attached_file</wp:meta_key>
    <wp:meta_value><![CDATA[/home/wpcom/public_html/wp-content/blogs.dir/ccf/211715213/files/2022/10/3.png]]></wp:meta_value>
  </wp:postmeta>
  <wp:postmeta>
    <wp:meta_key>_wp_attachment_metadata</wp:meta_key>
    <wp:meta_value><![CDATA[a:6:{s:5:"width";i:1568;s:6:"height";i:1060;s:4:"file";s:78:"/home/wpcom/public_html/wp-content/blogs.dir/ccf/211715213/files/2022/10/3.png";s:8:"filesize";i:167173;s:5:"sizes";a:0:{}s:10:"image_meta";a:12:{s:8:"aperture";s:1:"0";s:6:"credit";s:0:"";s:6:"camera";s:0:"";s:7:"caption";s:0:"";s:17:"created_timestamp";s:1:"0";s:9:"copyright";s:0:"";s:12:"focal_length";s:1:"0";s:3:"iso";s:1:"0";s:13:"shutter_speed";s:1:"0";s:5:"title";s:0:"";s:11:"orientation";s:1:"0";s:8:"keywords";a:0:{}}}]]></wp:meta_value>
  </wp:postmeta>
</item>
<item>
  <title><![CDATA[Placeholder Image]]></title>
  <link>http://envespreneur5.home.blog/placeholder-image-2/</link>
  <pubDate>Sun, 23 Oct 2022 16:25:51 +0000</pubDate>
  <dc:creator>satyam84670</dc:creator>
  <guid isPermaLink="false">http://envespreneur5home.files.wordpress.com/2022/10/4.png</guid>
  <description/>
  <content:encoded><![CDATA[]]></content:encoded>
  <excerpt:encoded><![CDATA[]]></excerpt:encoded>
  <wp:post_id>7</wp:post_id>
  <wp:post_date>2022-10-23 21:55:51</wp:post_date>
  <wp:post_date_gmt>2022-10-23 16:25:51</wp:post_date_gmt>
  <wp:post_modified>2022-10-23 21:55:51</wp:post_modified>
  <wp:post_modified_gmt>2022-10-23 16:25:51</wp:post_modified_gmt>
  <wp:comment_status>open</wp:comment_status>
  <wp:ping_status>closed</wp:ping_status>
  <wp:post_name>placeholder-image-2</wp:post_name>
  <wp:status>inherit</wp:status>
  <wp:post_parent>0</wp:post_parent>
  <wp:menu_order>0</wp:menu_order>
  <wp:post_type>attachment</wp:post_type>
  <wp:post_password/>
  <wp:is_sticky>0</wp:is_sticky>
  <wp:attachment_url>https://envespreneur5home.files.wordpress.com/2022/10/4.png</wp:attachment_url>
  <wp:postmeta>
    <wp:meta_key>_wp_attached_file</wp:meta_key>
    <wp:meta_value><![CDATA[/home/wpcom/public_html/wp-content/blogs.dir/ccf/211715213/files/2022/10/4.png]]></wp:meta_value>
  </wp:postmeta>
  <wp:postmeta>
    <wp:meta_key>_wp_attachment_metadata</wp:meta_key>
    <wp:meta_value><![CDATA[a:6:{s:5:"width";i:1568;s:6:"height";i:1060;s:4:"file";s:78:"/home/wpcom/public_html/wp-content/blogs.dir/ccf/211715213/files/2022/10/4.png";s:8:"filesize";i:222552;s:5:"sizes";a:0:{}s:10:"image_meta";a:12:{s:8:"aperture";s:1:"0";s:6:"credit";s:0:"";s:6:"camera";s:0:"";s:7:"caption";s:0:"";s:17:"created_timestamp";s:1:"0";s:9:"copyright";s:0:"";s:12:"focal_length";s:1:"0";s:3:"iso";s:1:"0";s:13:"shutter_speed";s:1:"0";s:5:"title";s:0:"";s:11:"orientation";s:1:"0";s:8:"keywords";a:0:{}}}]]></wp:meta_value>
  </wp:postmeta>
</item>
<item>
  <title><![CDATA[Placeholder Image]]></title>
  <link>http://envespreneur5.home.blog/2022/10/23/three-generations/placeholder-image-3/</link>
  <pubDate>Sun, 23 Oct 2022 16:25:52 +0000</pubDate>
  <dc:creator>satyam84670</dc:creator>
  <guid isPermaLink="false">http://envespreneur5home.files.wordpress.com/2022/10/4-1.png</guid>
  <description/>
  <content:encoded><![CDATA[]]></content:encoded>
  <excerpt:encoded><![CDATA[]]></excerpt:encoded>
  <wp:post_id>8</wp:post_id>
  <wp:post_date>2022-10-23 21:55:52</wp:post_date>
  <wp:post_date_gmt>2022-10-23 16:25:52</wp:post_date_gmt>
  <wp:post_modified>2022-10-23 21:55:52</wp:post_modified>
  <wp:post_modified_gmt>2022-10-23 16:25:52</wp:post_modified_gmt>
  <wp:comment_status>open</wp:comment_status>
  <wp:ping_status>closed</wp:ping_status>
  <wp:post_name>placeholder-image-3</wp:post_name>
  <wp:status>inherit</wp:status>
  <wp:post_parent>3</wp:post_parent>
  <wp:menu_order>0</wp:menu_order>
  <wp:post_type>attachment</wp:post_type>
  <wp:post_password/>
  <wp:is_sticky>0</wp:is_sticky>
  <wp:attachment_url>https://envespreneur5home.files.wordpress.com/2022/10/4-1.png</wp:attachment_url>
  <wp:postmeta>
    <wp:meta_key>_wp_attached_file</wp:meta_key>
    <wp:meta_value><![CDATA[/home/wpcom/public_html/wp-content/blogs.dir/ccf/211715213/files/2022/10/4-1.png]]></wp:meta_value>
  </wp:postmeta>
  <wp:postmeta>
    <wp:meta_key>_wp_attachment_metadata</wp:meta_key>
    <wp:meta_value><![CDATA[a:6:{s:5:"width";i:1568;s:6:"height";i:1060;s:4:"file";s:80:"/home/wpcom/public_html/wp-content/blogs.dir/ccf/211715213/files/2022/10/4-1.png";s:8:"filesize";i:222552;s:5:"sizes";a:0:{}s:10:"image_meta";a:12:{s:8:"aperture";s:1:"0";s:6:"credit";s:0:"";s:6:"camera";s:0:"";s:7:"caption";s:0:"";s:17:"created_timestamp";s:1:"0";s:9:"copyright";s:0:"";s:12:"focal_length";s:1:"0";s:3:"iso";s:1:"0";s:13:"shutter_speed";s:1:"0";s:5:"title";s:0:"";s:11:"orientation";s:1:"0";s:8:"keywords";a:0:{}}}]]></wp:meta_value>
  </wp:postmeta>
</item>
<item>
  <title><![CDATA[Placeholder Image]]></title>
  <link>http://envespreneur5.home.blog/placeholder-image-4/</link>
  <pubDate>Sun, 23 Oct 2022 16:25:52 +0000</pubDate>
  <dc:creator>satyam84670</dc:creator>
  <guid isPermaLink="false">http://envespreneur5home.files.wordpress.com/2022/10/3-1.png</guid>
  <description/>
  <content:encoded><![CDATA[]]></content:encoded>
  <excerpt:encoded><![CDATA[]]></excerpt:encoded>
  <wp:post_id>9</wp:post_id>
  <wp:post_date>2022-10-23 21:55:52</wp:post_date>
  <wp:post_date_gmt>2022-10-23 16:25:52</wp:post_date_gmt>
  <wp:post_modified>2022-10-23 21:55:52</wp:post_modified>
  <wp:post_modified_gmt>2022-10-23 16:25:52</wp:post_modified_gmt>
  <wp:comment_status>open</wp:comment_status>
  <wp:ping_status>closed</wp:ping_status>
  <wp:post_name>placeholder-image-4</wp:post_name>
  <wp:status>inherit</wp:status>
  <wp:post_parent>0</wp:post_parent>
  <wp:menu_order>0</wp:menu_order>
  <wp:post_type>attachment</wp:post_type>
  <wp:post_password/>
  <wp:is_sticky>0</wp:is_sticky>
  <wp:attachment_url>https://envespreneur5home.files.wordpress.com/2022/10/3-1.png</wp:attachment_url>
  <wp:postmeta>
    <wp:meta_key>_wp_attached_file</wp:meta_key>
    <wp:meta_value><![CDATA[/home/wpcom/public_html/wp-content/blogs.dir/ccf/211715213/files/2022/10/3-1.png]]></wp:meta_value>
  </wp:postmeta>
  <wp:postmeta>
    <wp:meta_key>_wp_attachment_metadata</wp:meta_key>
    <wp:meta_value><![CDATA[a:6:{s:5:"width";i:1568;s:6:"height";i:1060;s:4:"file";s:80:"/home/wpcom/public_html/wp-content/blogs.dir/ccf/211715213/files/2022/10/3-1.png";s:8:"filesize";i:167173;s:5:"sizes";a:0:{}s:10:"image_meta";a:12:{s:8:"aperture";s:1:"0";s:6:"credit";s:0:"";s:6:"camera";s:0:"";s:7:"caption";s:0:"";s:17:"created_timestamp";s:1:"0";s:9:"copyright";s:0:"";s:12:"focal_length";s:1:"0";s:3:"iso";s:1:"0";s:13:"shutter_speed";s:1:"0";s:5:"title";s:0:"";s:11:"orientation";s:1:"0";s:8:"keywords";a:0:{}}}]]></wp:meta_value>
  </wp:postmeta>
</item>
  </channel>
</rss>
